<?xml version="1.0" encoding="UTF-8"?>
<rpc-reply xmlns="urn:ietf:params:xml:ns:netconf:base:1.0" message-id="2">
    <data>
        <modules-state xmlns="urn:ietf:params:xml:ns:yang:ietf-yang-library">
            <module-set-id>69</module-set-id>
            <module>
                <name>bbf-hardware-extension</name>
                <revision>2017-05-08</revision>
                <namespace>urn:bbf:yang:bbf-hardware-extension</namespace>
                <conformance-type>implement</conformance-type>
            </module>            
            <module>
                <name>bbf-hardware</name>
                <revision>2019-04-30</revision>
                <namespace>urn:bbf:yang:bbf-hardware</namespace>
				<feature>additional-hardware-configuration</feature>
                <feature>model-name-configuration</feature>
                <feature>hardware-component-reset</feature>
                <feature>interface-hardware-reference</feature>
                <conformance-type>implement</conformance-type>
            </module>  
		    <module>
                <name>bbf-hardware-transceivers</name>
                <revision>2019-06-04</revision>
                <namespace>urn:bbf:yang:bbf-hardware-transceivers</namespace>
                <conformance-type>implement</conformance-type>
            </module>  	
            <module>
                <name>ietf-inet-types</name>
                <revision>2013-07-15</revision>
                <namespace>urn:ietf:params:xml:ns:yang:ietf-inet-types</namespace>
                <conformance-type>implement</conformance-type>
            </module>
            <module>
                <name>ietf-yang-types</name>
                <revision>2013-07-15</revision>
                <namespace>urn:ietf:params:xml:ns:yang:ietf-yang-types</namespace>
                <conformance-type>implement</conformance-type>
            </module>
			<module>
                <name>ietf-yang-library</name>
                <revision>2019-01-04</revision>
                <namespace>urn:ietf:params:xml:ns:yang:ietf-yang-library</namespace>
                <conformance-type>implement</conformance-type>
            </module>
			<module>
                <name>ietf-datastores</name>
                <revision>2018-02-14</revision>
                <namespace>urn:ietf:params:xml:ns:yang:ietf-datastores</namespace>
                <conformance-type>implement</conformance-type>
            </module>
			<module>
                <name>bbf-grpc-client</name>
                <revision>2019-10-09</revision>
                <namespace>urn:bbf:yang:bbf-grpc-client</namespace>
				<feature>connection-backoff-supported</feature>
                <conformance-type>implement</conformance-type>
            </module>
			<module>
                <name>bbf-nf-endpoint-filter</name>
                <revision>2019-10-09</revision>
                <namespace>urn:bbf:yang:bbf-nf-endpoint-filter</namespace>
                <conformance-type>implement</conformance-type>
            </module>
			<module>
                <name>bbf-nf-client</name>
                <revision>2019-10-09</revision>
                <namespace>urn:bbf:yang:bbf-nf-client</namespace>
                <conformance-type>implement</conformance-type>
            </module>
			<module>
                <name>bbf-polt-vomci</name>
                <revision>2019-10-09</revision>
                <namespace>urn:bbf:yang:bbf-polt-vomci</namespace>
				<feature>nf-client-supported</feature>
				<feature>nf-server-supported</feature>
                <conformance-type>implement</conformance-type>
            </module>
			<module>
                <name>bbf-vomci-types</name>
                <revision>2019-10-09</revision>
                <namespace>urn:bbf:yang:bbf-vomci-types</namespace>
                <conformance-type>implement</conformance-type>
            </module>
			<module>
                <name>bbf-nf-server</name>
                <revision>2019-10-09</revision>
                <namespace>urn:bbf:yang:bbf-nf-server</namespace>
                <conformance-type>implement</conformance-type>
            </module>
			<module>
                <name>ietf-tcp-common</name>
                <revision>2019-01-01</revision>
                <namespace>urn:ietf:params:xml:ns:yang:ietf-tcp-common</namespace>
				<feature>keepalives-supported</feature>
                <conformance-type>implement</conformance-type>
            </module>
			<module>
                <name>ietf-tcp-client</name>
                <revision>2019-01-01</revision>
                <namespace>urn:ietf:params:xml:ns:yang:ietf-tcp-client</namespace>
				<feature>local-binding-supported</feature>
				<feature>tcp-client-keepalives</feature>
                <conformance-type>implement</conformance-type>
            </module>
			<module>
                <name>ietf-tcp-server</name>
                <revision>2019-01-01</revision>
                <namespace>urn:ietf:params:xml:ns:yang:ietf-tcp-server</namespace>
				<feature>tcp-server-keepalives</feature>
                <conformance-type>implement</conformance-type>
            </module>
            <module>
                <name>ietf-netconf-acm</name>
                <revision>2018-02-14</revision>
                <namespace>urn:ietf:params:xml:ns:yang:ietf-netconf-acm</namespace>
                <conformance-type>implement</conformance-type>
            </module>
            <module>
                <name>ietf-netconf</name>
                <revision>2011-06-01</revision>
                <namespace>urn:ietf:params:xml:ns:netconf:base:1.0</namespace>
                <feature>writable-running</feature>
                <feature>candidate</feature>
                <feature>confirmed-commit</feature>
                <feature>validate</feature>
                <feature>startup</feature>
                <feature>rollback-on-error</feature>
                <feature>url</feature>
                <feature>xpath</feature>
                <conformance-type>implement</conformance-type>
            </module>
            <module>
                <name>ietf-netconf-notifications</name>
                <revision>2012-02-06</revision>
                <namespace>urn:ietf:params:xml:ns:yang:ietf-netconf-notifications</namespace>
                <conformance-type>implement</conformance-type>
            </module>
            <module>
                <name>notifications</name>
                <revision>2008-07-14</revision>
                <namespace>urn:ietf:params:xml:ns:netconf:notification:1.0</namespace>
                <conformance-type>implement</conformance-type>
            </module>
            <module>
                <name>nc-notifications</name>
                <revision>2008-07-14</revision>
                <namespace>urn:ietf:params:xml:ns:netmod:notification</namespace>
                <conformance-type>implement</conformance-type>
            </module>
            <module>
                <name>ietf-interfaces</name>
                <revision>2018-02-20</revision>
                <namespace>urn:ietf:params:xml:ns:yang:ietf-interfaces</namespace>
                <feature>arbitrary-names</feature>
                <feature>pre-provisioning</feature>
                <feature>if-mib</feature>
                <conformance-type>implement</conformance-type>
            </module>
            <module>
                <name>iana-if-type</name>
                <revision>2014-05-08</revision>
                <namespace>urn:ietf:params:xml:ns:yang:iana-if-type</namespace>
                <conformance-type>implement</conformance-type>
            </module>
            <module>
                <name>iana-crypt-hash</name>
                <revision>2014-08-06</revision>
                <namespace>urn:ietf:params:xml:ns:yang:iana-crypt-hash</namespace>
                <feature>crypt-hash-md5</feature>
                <feature>crypt-hash-sha-256</feature>
                <feature>crypt-hash-sha-512</feature>
                <conformance-type>implement</conformance-type>
            </module>
            <module>
                <name>ietf-system</name>
                <revision>2014-08-06</revision>
                <namespace>urn:ietf:params:xml:ns:yang:ietf-system</namespace>
                <feature>authentication</feature>
                <feature>radius</feature>
                <feature>authentication</feature>
                <feature>local-users</feature>
                <feature>radius-authentication</feature>
                <feature>ntp</feature>
                <feature>ntp-udp-port</feature>
                <feature>timezone-name</feature>
                <feature>dns-udp-tcp-port</feature>
                <conformance-type>implement</conformance-type>
            </module>
            <module>
                <name>bbf-interfaces-statistics-management</name>
                <revision>2018-07-13</revision>
                <namespace>urn:bbf:yang:bbf-interfaces-statistics-management</namespace>
                <conformance-type>implement</conformance-type>
            </module>
            <module>
                <name>bbf-if-type</name>
                <revision>2018-12-03</revision>
                <namespace>urn:bbf:yang:bbf-if-type</namespace>
                <conformance-type>implement</conformance-type>
            </module>
            <module>
                <name>bbf-xpon-if-type</name>
                <revision>2019-02-25</revision>
                <namespace>urn:bbf:yang:bbf-xpon-if-type</namespace>
                <conformance-type>implement</conformance-type>
            </module>
            <module>
                <name>bbf-yang-types</name>
                <revision>2018-07-13</revision>
                <namespace>urn:bbf:yang:bbf-yang-types</namespace>
                <feature>configurable-gemport-id</feature>
                <conformance-type>implement</conformance-type>
            </module>
            <module>
                <name>bbf-xpongemtcont</name>
                <revision>2019-02-25</revision>
                <namespace>urn:bbf:yang:bbf-xpongemtcont</namespace>
                <feature>configurable-alloc-id</feature>
                <feature>configurable-gemport-id</feature>
                <conformance-type>implement</conformance-type>
            </module>
            <module>
                <name>bbf-xpon-types</name>
                <revision>2019-02-25</revision>
                <namespace>urn:bbf:yang:bbf-xpon-types</namespace>
                <conformance-type>implement</conformance-type>
            </module>
            <module>
                <name>iana-hardware</name>
                <revision>2018-03-13</revision>
                <namespace>urn:ietf:params:xml:ns:yang:iana-hardware</namespace>
                <conformance-type>implement</conformance-type>
            </module>
            <module>
                <name>ietf-hardware</name>
                <revision>2017-03-07</revision>
                <namespace>urn:ietf:params:xml:ns:yang:ietf-hardware</namespace>
                <feature>entity-mib</feature>
                <feature>hardware-config</feature>
                <feature>hardware-state</feature>
                <feature>hardware-sensor</feature>
                <conformance-type>implement</conformance-type>
            </module>
            <module>
                <name>ietf-hardware-state</name>
                <revision>2018-03-13</revision>
                <namespace>urn:ietf:params:xml:ns:yang:ietf-hardware-state</namespace>
                <feature>entity-mib</feature>
                <feature>hardware-state</feature>
                <feature>hardware-sensor</feature>
                <conformance-type>implement</conformance-type>
            </module>
            <module>
                <name>bbf-hardware-types</name>
                <revision>2018-10-01</revision>
                <namespace>urn:bbf:yang:bbf-hardware-types</namespace>
                <conformance-type>implement</conformance-type>
            </module>
            <module>
                <name>bbf-interface-usage</name>
                <revision>2017-05-08</revision>
                <namespace>urn:bbf:yang:bbf-interface-usage</namespace>
                <conformance-type>implement</conformance-type>
            </module>
            <module>
                <name>bbf-dot1q-types</name>
                <revision>2018-07-13</revision>
                <namespace>urn:bbf:yang:bbf-dot1q-types</namespace>
                <conformance-type>implement</conformance-type>
            </module>
            <module>
                <name>bbf-inet-types</name>
                <revision>2017-05-08</revision>
                <namespace>urn:bbf:yang:bbf-inet-types</namespace>
                <conformance-type>implement</conformance-type>
            </module>
            <module>
                <name>bbf-frame-classification</name>
                <revision>2018-07-13</revision>
                <namespace>urn:bbf:yang:bbf-frame-classification</namespace>
                <conformance-type>implement</conformance-type>
            </module>
            <module>
                <name>bbf-l2-forwarding</name>
                <revision>2018-12-03</revision>
                <namespace>urn:bbf:yang:bbf-l2-forwarding</namespace>
                <feature>flooding-policies</feature>
                <feature>flooding-policies-profiles</feature>
                <feature>split-horizon-profiles</feature>
                <feature>mac-learning-control-profiles</feature>
                <feature>forwarder-port-groups</feature>
                <feature>forwarding-databases</feature>
                <feature>shared-forwarding-databases</feature>
                <feature>mac-learning</feature>
                <feature>read-system-fdb-capacity</feature>
                <conformance-type>implement</conformance-type>
            </module>
            <module>
                <name>bbf-l2-forwarding-shared-fdb</name>
                <revision>2018-12-03</revision>
                <namespace>urn:bbf:yang:bbf-l2-forwarding-shared-fdb</namespace>
                <conformance-type>implement</conformance-type>
            </module>
            <module>
                <name>bbf-qos-types</name>
                <revision>2018-07-13</revision>
                <namespace>urn:bbf:yang:bbf-qos-types</namespace>
                <conformance-type>implement</conformance-type>
            </module>
            <module>
                <name>bbf-qos-traffic-mngt</name>
                <revision>2018-12-03</revision>
                <namespace>urn:bbf:yang:bbf-qos-traffic-mngt</namespace>
                <feature>pre-emption</feature>
                <feature>tc-id-2-queue-id-mapping-config</feature>
                <conformance-type>implement</conformance-type>
            </module>
            <module>
                <name>bbf-qos-classifiers</name>
                <revision>2018-07-13</revision>
                <namespace>urn:bbf:yang:bbf-qos-classifiers</namespace>
                <conformance-type>implement</conformance-type>
            </module>
            <module>
                <name>bbf-qos-filters</name>
                <revision>2018-07-13</revision>
                <namespace>urn:bbf:yang:bbf-qos-filters</namespace>
                <conformance-type>implement</conformance-type>
            </module>
            <module>
                <name>bbf-subscriber-types</name>
                <revision>2017-05-08</revision>
                <namespace>urn:bbf:yang:bbf-subscriber-types</namespace>
                <conformance-type>implement</conformance-type>
            </module>
            <module>
                <name>bbf-l2-dhcpv4-relay</name>
                <revision>2017-05-08</revision>
                <namespace>urn:bbf:yang:bbf-l2-dhcpv4-relay</namespace>
                <conformance-type>implement</conformance-type>
            </module>
            <module>
                <name>ietf-routing-types</name>
                <revision>2017-12-04</revision>
                <namespace>urn:ietf:params:xml:ns:yang:ietf-routing-types</namespace>
                <conformance-type>implement</conformance-type>
            </module>
            <module>
                <name>ietf-pseudowires</name>
                <revision>2018-10-22</revision>
                <namespace>urn:ietf:params:xml:ns:yang:ietf-pseudowires</namespace>
                <conformance-type>implement</conformance-type>
            </module>
            <module>
                <name>ieee802-types</name>
                <revision>2018-03-07</revision>
                <namespace>urn:ieee:std:802.1Q:yang:ieee802-types</namespace>
                <conformance-type>implement</conformance-type>
            </module>
            <module>
                <name>ieee802-dot1x</name>
                <revision>2017-10-15</revision>
                <namespace>urn:ieee:std:802.1X:yang:ieee802-dot1x</namespace>
                <feature>pacp-eap-supplicant</feature>
                <feature>pacp-eap-authenticator</feature>
                <feature>mka</feature>
                <feature>macsec</feature>
                <feature>announcements</feature>
                <feature>listener</feature>
                <feature>virtual-ports</feature>
                <feature>in-service-upgrades</feature>
                <conformance-type>implement</conformance-type>
            </module>
            <module>
                <name>bbf-mgmd-types</name>
                <revision>2018-07-13</revision>
                <namespace>urn:bbf:yang:bbf-mgmd-types</namespace>
                <conformance-type>implement</conformance-type>
            </module>
            <module>
                <name>bbf-qos-policing-types</name>
                <revision>2018-07-13</revision>
                <namespace>urn:bbf:yang:bbf-qos-policing-types</namespace>
                <conformance-type>implement</conformance-type>
            </module>
            <module>
                <name>bbf-qos-policing</name>
                <revision>2018-12-03</revision>
                <namespace>urn:bbf:yang:bbf-qos-policing</namespace>
                <feature>single-rate-three-color-marker</feature>
                <feature>two-rate-three-color-marker</feature>
                <feature>two-rate-three-color-marker-mef</feature>
                <feature>policing-profile-ref</feature>
                <feature>single-rate-two-color-marker</feature>
                <conformance-type>implement</conformance-type>
            </module>
            <module>
                <name>bbf-link-table</name>
                <revision>2019-02-25</revision>
                <namespace>urn:bbf:yang:bbf-link-table</namespace>
                <conformance-type>implement</conformance-type>
            </module>
            <module>
                <name>bbf-sub-interfaces</name>
                <revision>2018-12-03</revision>
                <namespace>urn:bbf:yang:bbf-sub-interfaces</namespace>
                <feature>tag-rewrites</feature>
                <conformance-type>implement</conformance-type>
            </module>
            <module>
                <name>bbf-l2-dhcpv4-relay-forwarding</name>
                <revision>2017-05-08</revision>
                <namespace>urn:bbf:yang:bbf-l2-dhcpv4-relay-forwarding</namespace>
                <conformance-type>implement</conformance-type>
            </module>
            <module>
                <name>bbf-xponani</name>
                <revision>2019-02-25</revision>
                <namespace>urn:bbf:yang:bbf-xponani</namespace>
                <feature>configurable-ani-onu-id</feature>
                <conformance-type>implement</conformance-type>
            </module>
            <module>
                <name>bbf-ptm</name>
                <revision>2018-07-13</revision>
                <namespace>urn:bbf:yang:bbf-ptm</namespace>
                <conformance-type>implement</conformance-type>
            </module>
            <module>
                <name>bbf-qos-policies</name>
                <revision>2018-12-03</revision>
                <namespace>urn:bbf:yang:bbf-qos-policies</namespace>
                <conformance-type>implement</conformance-type>
            </module>
            <module>
                <name>bbf-qos-rate-control</name>
                <revision>2017-05-08</revision>
                <namespace>urn:bbf:yang:bbf-qos-rate-control</namespace>
                <conformance-type>implement</conformance-type>
            </module>
            <module>
                <name>bbf-xpon</name>
                <revision>2019-02-25</revision>
                <namespace>urn:bbf:yang:bbf-xpon</namespace>
                <feature>ictp-support</feature>
                <feature>configurable-ictp-proxy-tcp-port</feature>
                <feature>pon-pools</feature>
                <conformance-type>implement</conformance-type>
            </module>
            <module>
                <name>bbf-software-image-management</name>
                <revision>2017-03-08</revision>
                <namespace>urn:bbf:yang:bbf-software-image-management</namespace>
                <feature>software-actions</feature>
                <conformance-type>implement</conformance-type>
            </module>
            <module>
                <name>bbf-qos-shaping</name>
                <revision>2018-07-13</revision>
                <namespace>urn:bbf:yang:bbf-qos-shaping</namespace>
                <conformance-type>implement</conformance-type>
            </module>
            <module>
                <name>bbf-qos-enhanced-scheduling</name>
                <revision>2018-07-13</revision>
                <namespace>urn:bbf:yang:bbf-qos-enhanced-scheduling</namespace>
                <conformance-type>implement</conformance-type>
            </module>
            <module>
                <name>bbf-qos-policer-envelope-profiles</name>
                <revision>2018-07-13</revision>
                <namespace>urn:bbf:yang:bbf-qos-policer-envelope-profiles</namespace>
                <conformance-type>implement</conformance-type>
            </module>
            <module>
                <name>bbf-mgmd</name>
                <revision>2018-07-13</revision>
                <namespace>urn:bbf:yang:bbf-mgmd</namespace>
                <feature>mgmd-proxy</feature>
                <feature>mgmd-snoop-transparent</feature>
                <feature>mgmd-snoop-with-proxy-reporting</feature>
                <feature>multicast-cac</feature>
                <feature>multicast-package</feature>
                <feature>multicast-preview</feature>
                <feature>mgmd-group-ip-range</feature>
                <feature>static-multicast-host-associations</feature>
                <feature>mgmd-snoop-last-leave</feature>
                <conformance-type>implement</conformance-type>
            </module>
            <module>
                <name>bbf-ldra</name>
                <revision>2018-07-13</revision>
                <namespace>urn:bbf:yang:bbf-ldra</namespace>
                <conformance-type>implement</conformance-type>
            </module>
            <module>
                <name>bbf-interface-port-reference</name>
                <revision>2017-03-13</revision>
                <namespace>urn:bbf:yang:bbf-interface-port-reference</namespace>
                <conformance-type>implement</conformance-type>
            </module>
            <module>
                <name>bbf-xponvani</name>
                <revision>2019-02-25</revision>
                <namespace>urn:bbf:yang:bbf-xponvani</namespace>
                <feature>configurable-v-ani-onu-id</feature>
                <feature>configurable-v-ani-management-gem-port-id</feature>
                <conformance-type>implement</conformance-type>
            </module>
            <module>
                <name>bbf-sub-interface-tagging</name>
                <revision>2018-07-13</revision>
                <namespace>urn:bbf:yang:bbf-sub-interface-tagging</namespace>
                <feature>copy-vlan-id-from-tag-index</feature>
                <feature>write-pbit-value-in-vlan-tag</feature>
                <conformance-type>implement</conformance-type>
            </module>
            <module>
                <name>bbf-interfaces-performance-management</name>
                <revision>2018-07-13</revision>
                <namespace>urn:bbf:yang:bbf-interfaces-performance-management</namespace>
                <feature>performance-24hr</feature>
                <conformance-type>implement</conformance-type>
            </module>
            <module>
                <name>bbf-xpongemtcont-qos</name>
                <revision>2019-02-25</revision>
                <namespace>urn:bbf:yang:bbf-xpongemtcont-qos</namespace>
                <conformance-type>implement</conformance-type>
            </module>
            <module>
                <name>bbf-pppoe-intermediate-agent</name>
                <revision>2017-05-08</revision>
                <namespace>urn:bbf:yang:bbf-pppoe-intermediate-agent</namespace>
                <conformance-type>implement</conformance-type>
            </module>
            <module>
                <name>bbf-ethernet-performance-management</name>
                <revision>2017-05-08</revision>
                <namespace>urn:bbf:yang:bbf-ethernet-performance-management</namespace>
                <conformance-type>implement</conformance-type>
            </module>
            <module>
                <name>ieee802-ethernet-interface</name>
                <revision>2017-02-23</revision>
                <namespace>urn:ieee:params:xml:ns:yang:ieee802-ethernet-interface</namespace>
                <feature>ethernet-pfc</feature>
                <conformance-type>implement</conformance-type>
            </module>
            <module>
                <name>bbf-qos-policies-sub-interfaces</name>
                <revision>2018-12-03</revision>
                <namespace>urn:bbf:yang:bbf-qos-policies-sub-interfaces</namespace>
                <conformance-type>implement</conformance-type>
            </module>
			<module>
			  <name>ietf-alarms</name>
			  <revision>2019-09-11</revision>
			  <namespace>urn:ietf:params:xml:ns:yang:ietf-alarms</namespace>
			  <feature>operator-actions</feature>
			  <feature>alarm-shelving</feature>
			  <feature>alarm-history</feature>
			  <feature>alarm-profile</feature>
			  <feature>alarm-summary</feature>
			  <feature>severity-assignment</feature>
			  <conformance-type>implement</conformance-type>
			</module>
			<module>
			  <name>ietf-alarms-x733</name>
			  <revision>2019-09-11</revision>
			  <namespace>urn:ietf:params:xml:ns:yang:ietf-alarms-x733</namespace>
			  <feature>configure-x733-mapping</feature>
			  <conformance-type>implement</conformance-type>
			</module>
			<module>
			  <name>ietf-ipfix-psamp</name>
			  <revision>2012-09-05</revision>
			  <namespace>urn:ietf:params:xml:ns:yang:ietf-ipfix-psamp</namespace>
			  <feature>exporter</feature>
			  <feature>collector</feature>
			  <feature>meter</feature>
			  <feature>psampSampCountBased</feature>
			  <feature>psampSampTimeBased</feature>
			  <feature>psampSampRandOutOfN</feature>
			  <feature>psampSampUniProb</feature>
			  <feature>psampFilterMatch</feature>
			  <feature>psampFilterHash</feature>
			  <feature>immediateCache</feature>
			  <feature>timeoutCache</feature>	
			  <feature>naturalCache</feature>
			  <feature>permanentCache</feature>
			  <feature>udpTransport</feature>	
			  <feature>tcpTransport</feature>
			  <feature>fileReader</feature>
			  <feature>fileWriter</feature>
			  <conformance-type>implement</conformance-type>
			</module>
        </modules-state>
    </data>
</rpc-reply>
