<?xml version="1.0" encoding="UTF-8"?>
<Adapter type="ADAPTER1" interfaceVersion="1.0" model="DPU16" vendor="VendorA"
         xmlns="http://www.bbf.org/obbaa/schemas/adapter/1.0"
         xmlns:xsi="http://www.w3.org/2001/XMLSchema-instance"
         xsi:schemaLocation="http://www.bbf.org/obbaa/schemas/adapter/1.0
                    ../../../../../adapter-schema-fwk/src/main/xsd/adapter.xsd">
 
    <capabilities>
        <value>urn:ietf:params:netconf:base:1.0</value>
        <value>urn:ietf:params:netconf:base:1.1</value>
        <value>urn:ietf:params:netconf:capability:writable-running:1.0</value>
        <value>urn:ietf:params:netconf:capability:notification:1.0</value>
        <value>urn:ietf:params:netconf:capability:interleave:1.0</value>
		<value>urn:ietf:params:netconf:capability:interleave:1.0</value>
    </capabilities>
 
</Adapter>