<?xml version='1.0' encoding='UTF-8'?>
<rpc-reply xmlns="urn:ietf:params:xml:ns:netconf:base:1.0" message-id="1">
<data>
  <modules-state xmlns="urn:ietf:params:xml:ns:yang:ietf-yang-library">
    <module-set-id>60</module-set-id>
    <module>
      <name>ietf-yang-metadata</name>
      <revision>2016-08-05</revision>
      <namespace>urn:ietf:params:xml:ns:yang:ietf-yang-metadata</namespace>
      <conformance-type>import</conformance-type>
    </module>
    <module>
      <name>yang</name>
      <revision>2017-02-20</revision>
      <namespace>urn:ietf:params:xml:ns:yang:1</namespace>
      <conformance-type>implement</conformance-type>
    </module>
    <module>
      <name>ietf-inet-types</name>
      <revision>2013-07-15</revision>
      <namespace>urn:ietf:params:xml:ns:yang:ietf-inet-types</namespace>
      <conformance-type>implement</conformance-type>
    </module>
    <module>
      <name>ietf-yang-types</name>
      <revision>2013-07-15</revision>
      <namespace>urn:ietf:params:xml:ns:yang:ietf-yang-types</namespace>
      <conformance-type>implement</conformance-type>
    </module>
    <module>
      <name>ietf-datastores</name>
      <revision>2017-08-17</revision>
      <namespace>urn:ietf:params:xml:ns:yang:ietf-datastores</namespace>
      <conformance-type>import</conformance-type>
    </module>
    <module>
      <name>ietf-yang-library</name>
      <revision>2018-01-17</revision>
      <namespace>urn:ietf:params:xml:ns:yang:ietf-yang-library</namespace>
      <conformance-type>implement</conformance-type>
    </module>
    <module>
      <name>ietf-netconf-acm</name>
      <revision>2018-02-14</revision>
      <namespace>urn:ietf:params:xml:ns:yang:ietf-netconf-acm</namespace>
      <conformance-type>import</conformance-type>
    </module>
    <module>
      <name>ietf-netconf</name>
      <revision>2011-06-01</revision>
      <namespace>urn:ietf:params:xml:ns:netconf:base:1.0</namespace>
      <feature>writable-running</feature>
      <feature>candidate</feature>
      <feature>rollback-on-error</feature>
      <feature>validate</feature>
      <feature>startup</feature>
      <feature>xpath</feature>
      <conformance-type>implement</conformance-type>
    </module>
    <module>
      <name>ietf-netconf-notifications</name>
      <revision>2012-02-06</revision>
      <namespace>urn:ietf:params:xml:ns:yang:ietf-netconf-notifications</namespace>
      <conformance-type>implement</conformance-type>
    </module>
    <module>
      <name>notifications</name>
      <revision>2008-07-14</revision>
      <namespace>urn:ietf:params:xml:ns:netconf:notification:1.0</namespace>
      <conformance-type>implement</conformance-type>
    </module>
    <module>
      <name>nc-notifications</name>
      <revision>2008-07-14</revision>
      <namespace>urn:ietf:params:xml:ns:netmod:notification</namespace>
      <conformance-type>implement</conformance-type>
    </module>
    <module>
      <name>turing-machine</name>
      <revision>2013-12-27</revision>
      <namespace>http://example.net/turing-machine</namespace>
      <conformance-type>implement</conformance-type>
    </module>
    <module>
      <name>ietf-interfaces</name>
      <revision>2014-05-08</revision>
      <namespace>urn:ietf:params:xml:ns:yang:ietf-interfaces</namespace>
      <conformance-type>implement</conformance-type>
    </module>
    <module>
      <name>iana-if-type</name>
      <revision>2014-05-08</revision>
      <namespace>urn:ietf:params:xml:ns:yang:iana-if-type</namespace>
      <conformance-type>implement</conformance-type>
    </module>
    <module>
      <name>ietf-ip</name>
      <revision>2014-06-16</revision>
      <namespace>urn:ietf:params:xml:ns:yang:ietf-ip</namespace>
      <conformance-type>implement</conformance-type>
    </module>
    <module>
      <name>ietf-x509-cert-to-name</name>
      <revision>2014-12-10</revision>
      <namespace>urn:ietf:params:xml:ns:yang:ietf-x509-cert-to-name</namespace>
      <conformance-type>implement</conformance-type>
    </module>
    <module>
      <name>ietf-keystore</name>
      <revision>2016-10-31</revision>
      <namespace>urn:ietf:params:xml:ns:yang:ietf-keystore</namespace>
      <conformance-type>implement</conformance-type>
    </module>
    <module>
      <name>ietf-netconf-with-defaults</name>
      <revision>2011-06-01</revision>
      <namespace>urn:ietf:params:xml:ns:yang:ietf-netconf-with-defaults</namespace>
      <conformance-type>implement</conformance-type>
    </module>
    <module>
      <name>ietf-netconf-monitoring</name>
      <revision>2010-10-04</revision>
      <namespace>urn:ietf:params:xml:ns:yang:ietf-netconf-monitoring</namespace>
      <conformance-type>implement</conformance-type>
    </module>
    <module>
      <name>ietf-ssh-server</name>
      <revision>2016-11-02</revision>
      <namespace>urn:ietf:params:xml:ns:yang:ietf-ssh-server</namespace>
      <conformance-type>import</conformance-type>
    </module>
    <module>
      <name>ietf-tls-server</name>
      <revision>2016-11-02</revision>
      <namespace>urn:ietf:params:xml:ns:yang:ietf-tls-server</namespace>
      <conformance-type>import</conformance-type>
    </module>
    <module>
      <name>ietf-netconf-server</name>
      <revision>2016-11-02</revision>
      <namespace>urn:ietf:params:xml:ns:yang:ietf-netconf-server</namespace>
      <feature>listen</feature>
      <feature>ssh-listen</feature>
      <feature>tls-listen</feature>
      <feature>call-home</feature>
      <feature>ssh-call-home</feature>
      <feature>tls-call-home</feature>
      <conformance-type>implement</conformance-type>
    </module>
    <module>
      <name>iana-crypt-hash</name>
      <revision>2014-08-06</revision>
      <namespace>urn:ietf:params:xml:ns:yang:iana-crypt-hash</namespace>
      <conformance-type>implement</conformance-type>
    </module>
    <module>
      <name>ietf-system</name>
      <revision>2014-08-06</revision>
      <namespace>urn:ietf:params:xml:ns:yang:ietf-system</namespace>
      <feature>authentication</feature>
      <feature>local-users</feature>
      <conformance-type>implement</conformance-type>
    </module>
    <module>
      <name>ietf-routing</name>
      <revision>2015-10-16</revision>
      <namespace>urn:ietf:params:xml:ns:yang:ietf-routing</namespace>
      <conformance-type>implement</conformance-type>
    </module>
    <module>
      <name>ietf-ipv6-unicast-routing</name>
      <revision>2016-11-04</revision>
      <namespace>urn:ietf:params:xml:ns:yang:ietf-ipv6-unicast-routing</namespace>
      <conformance-type>implement</conformance-type>
    </module>
    <module>
      <name>tailf-common-monitoring</name>
      <revision>2013-06-14</revision>
      <namespace>http://tail-f.com/yang/common-monitoring</namespace>
      <conformance-type>implement</conformance-type>
    </module>
    <module>
      <name>bbf-yang-types</name>
      <revision>2018-07-13</revision>
      <namespace>urn:bbf:yang:bbf-yang-types</namespace>
      <conformance-type>implement</conformance-type>
    </module>
    <module>
      <name>bbf-if-type</name>
      <revision>2018-07-13</revision>
      <namespace>urn:bbf:yang:bbf-if-type</namespace>
      <conformance-type>implement</conformance-type>
    </module>
    <module>
      <name>bbf-subscriber-types</name>
      <revision>2017-05-08</revision>
      <namespace>urn:bbf:yang:bbf-subscriber-types</namespace>
      <conformance-type>implement</conformance-type>
    </module>
    <module>
      <name>bbf-l2-dhcpv4-relay</name>
      <revision>2017-05-08</revision>
      <namespace>urn:bbf:yang:bbf-l2-dhcpv4-relay</namespace>
      <conformance-type>implement</conformance-type>
    </module>
    <module>
      <name>bbf-interface-usage</name>
      <revision>2017-05-08</revision>
      <namespace>urn:bbf:yang:bbf-interface-usage</namespace>
      <conformance-type>implement</conformance-type>
    </module>
    <module>
      <name>bbf-dot1q-types</name>
      <revision>2018-07-13</revision>
      <namespace>urn:bbf:yang:bbf-dot1q-types</namespace>
      <conformance-type>implement</conformance-type>
    </module>
    <module>
      <name>bbf-inet-types</name>
      <revision>2017-05-08</revision>
      <namespace>urn:bbf:yang:bbf-inet-types</namespace>
      <conformance-type>implement</conformance-type>
    </module>
    <module>
      <name>bbf-frame-classification</name>
      <revision>2018-07-13</revision>
      <namespace>urn:bbf:yang:bbf-frame-classification</namespace>
      <conformance-type>implement</conformance-type>
    </module>
    <module>
      <name>bbf-l2-forwarding</name>
      <revision>2018-07-13</revision>
      <namespace>urn:bbf:yang:bbf-l2-forwarding</namespace>
      <conformance-type>implement</conformance-type>
	  <feature>mac-learning</feature>
	  <feature>forwarding-databases</feature>
	  <feature>flooding-policies</feature>
	  <feature>flooding-policies-profiles</feature>
	  <feature>forwarder-port-groups</feature>
	  <feature>forwarding-databases</feature>
	  <feature>shared-forwarding-databases</feature>
	  <feature>mac-learning</feature>
	  <feature>read-system-fdb-capacity</feature>
	  <feature>mac-learning-control-profiles</feature>
	  <feature>split-horizon-profiles</feature>
	  <feature>mac-learning-control-profiles</feature>
	  <feature>split-horizon-profiles</feature>
    </module>
    <module>
      <name>tailf-common</name>
      <revision>2017-03-08</revision>
      <namespace>http://tail-f.com/yang/common</namespace>
      <conformance-type>implement</conformance-type>
    </module>
    <module>
      <name>ietf-ip-aug</name>
      <revision/>
      <namespace>urn:ietf:params:xml:ns:yang:ietf-ip-aug</namespace>
      <conformance-type>implement</conformance-type>
    </module>
    <module>
      <name>ietf-system-keychain</name>
      <revision>2016-03-16</revision>
      <namespace>urn:ietf:params:xml:ns:yang:ietf-system-keychain</namespace>
      <conformance-type>implement</conformance-type>
    </module>
    <module>
      <name>tailf-netconf-monitoring</name>
      <revision>2016-11-24</revision>
      <namespace>http://tail-f.com/yang/netconf-monitoring</namespace>
      <conformance-type>implement</conformance-type>
    </module>
    <module>
      <name>ietf-ipv4-unicast-routing</name>
      <revision>2016-11-04</revision>
      <namespace>urn:ietf:params:xml:ns:yang:ietf-ipv4-unicast-routing</namespace>
      <conformance-type>implement</conformance-type>
    </module>
    <module>
      <name>ieee-types</name>
      <revision>2015-09-10</revision>
      <namespace>urn:ieee:params:xml:ns:yang:ieee-types</namespace>
      <conformance-type>implement</conformance-type>
    </module>
    <module>
      <name>tailf-aaa</name>
      <revision>2015-06-16</revision>
      <namespace>http://tail-f.com/ns/aaa/1.1</namespace>
      <conformance-type>implement</conformance-type>
    </module>
    <module>
      <name>tailf-xsd-types</name>
      <revision>2009-03-17</revision>
      <namespace>http://www.w3.org/2001/XMLSchema</namespace>
      <conformance-type>implement</conformance-type>
    </module>
    <module>
      <name>bbf-availability</name>
      <revision>2018-07-13</revision>
      <namespace>urn:bbf:yang:bbf-availability</namespace>
      <conformance-type>implement</conformance-type>
    </module>
    <module>
      <name>bbf-fastdsl</name>
      <revision>2018-10-01</revision>
      <namespace>urn:bbf:yang:bbf-fastdsl</namespace>
      <conformance-type>implement</conformance-type>
    </module>
    <module>
      <name>bbf-sub-interfaces</name>
      <revision>2017-05-08</revision>
      <namespace>urn:bbf:yang:bbf-sub-interfaces</namespace>
      <conformance-type>implement</conformance-type>
	  <feature>tag-rewrites</feature>
    </module>
    <module>
      <name>bbf-fast</name>
      <revision>2018-10-01</revision>
      <namespace>urn:bbf:yang:bbf-fast</namespace>
      <conformance-type>implement</conformance-type>
	  <feature>dta</feature>
	  <feature>rmcr</feature>
	  <feature>performance-24hr</feature>
    </module>
    <module>
      <name>bbf-sub-interface-tagging</name>
      <revision>2018-07-13</revision>
      <namespace>urn:bbf:yang:bbf-sub-interface-tagging</namespace>
      <conformance-type>implement</conformance-type>
    </module>
    <module>
      <name>tailf-configuration-policy</name>
      <revision>2010-11-04</revision>
      <namespace>http://tail-f.com/yang/configuration-policy</namespace>
      <conformance-type>implement</conformance-type>
    </module>
    <module>
      <name>iana-hardware</name>
      <revision>2017-03-07</revision>
      <namespace>urn:ietf:params:xml:ns:yang:iana-hardware</namespace>
      <conformance-type>import</conformance-type>
    </module>
    <module>
      <name>ietf-hardware</name>
      <revision>2017-03-07</revision>
      <namespace>urn:ietf:params:xml:ns:yang:ietf-hardware</namespace>
      <conformance-type>implement</conformance-type>
    </module>
    <module>
      <name>ethernet</name>
      <revision>2015-11-23</revision>
      <namespace>urn:ieee:params:xml:ns:yang:ethernet</namespace>
      <conformance-type>implement</conformance-type>
    </module>
    <module>
      <name>bbf-l2-dhcpv4-relay-forwarding</name>
      <revision>2017-05-08</revision>
      <namespace>urn:bbf:yang:bbf-l2-dhcpv4-relay-forwarding</namespace>
      <conformance-type>implement</conformance-type>
    </module>
	<module>
      <name>bbf-ptm</name>
      <revision>2018-07-13</revision>
      <namespace>urn:bbf:yang:bbf-ptm</namespace>
      <conformance-type>implement</conformance-type>
    </module>
    <module>
      <name>confd_dyncfg</name>
      <revision>2017-02-21</revision>
      <namespace>http://tail-f.com/ns/confd_dyncfg/1.0</namespace>
      <conformance-type>implement</conformance-type>
    </module>
    <module>
      <name>tailf-kicker</name>
      <revision>2017-03-16</revision>
      <namespace>http://tail-f.com/ns/kicker</namespace>
      <conformance-type>implement</conformance-type>
    </module>
    <module>
      <name>bbf-l2-forwarding-shared-fdb</name>
      <revision>2018-07-13</revision>
      <namespace>urn:bbf:yang:bbf-l2-forwarding-shared-fdb</namespace>
      <conformance-type>implement</conformance-type>
    </module>
    <module>
      <name>tailf-webui</name>
      <revision>2013-03-07</revision>
      <namespace>http://tail-f.com/ns/webui</namespace>
      <conformance-type>implement</conformance-type>
    </module>
    <module>
      <name>tailf-confd-monitoring</name>
      <revision>2013-06-14</revision>
      <namespace>http://tail-f.com/yang/confd-monitoring</namespace>
      <conformance-type>implement</conformance-type>
    </module>
  </modules-state>
</data>
</rpc-reply>
