<?xml version="1.0" encoding="UTF-8"?>
<rpc-reply xmlns="urn:ietf:params:xml:ns:netconf:base:1.0"
   message-id="2">
   <data>
      <modules-state xmlns="urn:ietf:params:xml:ns:yang:ietf-yang-library">
         <module-set-id>69</module-set-id>
         <module>
            <name>bbf-device-types</name>
            <revision>2021-06-02</revision>
            <namespace>urn:bbf:yang:bbf-device-types</namespace>
            <conformance-type>implement</conformance-type>
         </module>
         <module>
            <name>bbf-grpc-client</name>
            <revision>2021-08-01</revision>
            <namespace>urn:bbf:yang:bbf-grpc-client</namespace>
            <feature>connection-backoff-supported</feature>
            <conformance-type>implement</conformance-type>
         </module>
         <module>
            <name>bbf-kafka-agent</name>
            <revision>2021-08-01</revision>
            <namespace>urn:bbf:yang:bbf-kafka-agent</namespace>
            <feature>publication-supported</feature>
            <feature>consumption-supported</feature>
            <conformance-type>implement</conformance-type>
         </module>
         <module>
            <name>bbf-network-function-client</name>
            <revision>2021-08-01</revision>
            <namespace>urn:bbf:yang:bbf-network-function-client</namespace>
            <feature>kafka-agent-supported</feature>
            <feature>grpc-client-supported</feature>
            <conformance-type>implement</conformance-type>
         </module>
         <module>
            <name>bbf-network-function-server</name>
            <revision>2021-08-01</revision>
            <namespace>urn:bbf:yang:bbf-network-function-server</namespace>
            <conformance-type>implement</conformance-type>
         </module>
         <module>
            <name>bbf-network-function-types</name>
            <revision>2021-08-01</revision>
            <namespace>urn:bbf:yang:bbf-network-function-types</namespace>
            <conformance-type>implement</conformance-type>
         </module>
         <module>
            <name>bbf-omci-message-retransmission</name>
            <revision>2021-08-19</revision>
            <namespace>urn:bbf:yang:bbf-omci-message-retransmission</namespace>
            <feature>omci-msg-retrans-supported</feature>
            <conformance-type>implement</conformance-type>
         </module>
         <module>
            <name>bbf-voltmf-message-monitor</name>
            <revision>2021-08-19</revision>
            <namespace>urn:bbf:yang:bbf-voltmf-message-monitor</namespace>
            <conformance-type>implement</conformance-type>
         </module>
         <module>
            <name>bbf-vomci-entity</name>
            <revision>2021-08-19</revision>
            <namespace>urn:bbf:yang:bbf-vomci-entity</namespace>
            <conformance-type>implement</conformance-type>
         </module>
         <module>
            <name>bbf-vomci-function</name>
            <revision>2021-08-19</revision>
            <namespace>urn:bbf:yang:bbf-vomci-function</namespace>
            <feature>nf-client-supported</feature>
            <feature>nf-server-supported</feature>
            <conformance-type>implement</conformance-type>
         </module>
         <module>
            <name>bbf-vomci-types</name>
            <revision>2021-08-19</revision>
            <namespace>urn:bbf:yang:bbf-vomci-types</namespace>
            <conformance-type>implement</conformance-type>
         </module>
         <module>
            <name>bbf-xpon-types</name>
            <revision>2020-10-13</revision>
            <namespace>urn:bbf:yang:bbf-xpon-types</namespace>
            <conformance-type>implement</conformance-type>
         </module>
         <module>
            <name>bbf-yang-types</name>
            <revision>2021-06-02</revision>
            <namespace>urn:bbf:yang:bbf-yang-types</namespace>
            <conformance-type>implement</conformance-type>
         </module>
         <module>
            <name>ietf-crypto-types</name>
            <revision>2020-08-20</revision>
            <namespace>urn:ietf:params:xml:ns:yang:ietf-crypto-types</namespace>
            <feature>one-symmetric-key-format</feature>
            <feature>one-asymmetric-key-format</feature>
            <feature>encrypted-one-symmetric-key-format</feature>
            <feature>encrypted-one-asymmetric-key-format</feature>
            <feature>certificate-signing-request-generation</feature>
            <feature>certificate-expiration-notification</feature>
            <feature>password-encryption</feature>
            <feature>symmetric-key-encryption</feature>
            <feature>private-key-encryption</feature>
            <conformance-type>implement</conformance-type>
         </module>
         <module>
            <name>ietf-inet-types</name>
            <revision>2013-07-15</revision>
            <namespace>urn:ietf:params:xml:ns:yang:ietf-inet-types</namespace>
            <conformance-type>implement</conformance-type>
         </module>
         <module>
            <name>ietf-netconf-acm</name>
            <revision>2018-02-14</revision>
            <namespace>urn:ietf:params:xml:ns:yang:ietf-netconf-acm</namespace>
            <conformance-type>implement</conformance-type>
         </module>
         <module>
            <name>ietf-tcp-client</name>
            <revision>2020-08-20</revision>
            <namespace>urn:ietf:params:xml:ns:yang:ietf-tcp-client</namespace>
            <feature>local-binding-supported</feature>
            <feature>tcp-client-keepalives</feature>
            <feature>proxy-connect</feature>
            <feature>socks5-gss-api</feature>
            <feature>socks5-username-password</feature>
            <conformance-type>implement</conformance-type>
         </module>
         <module>
            <name>ietf-tcp-common</name>
            <revision>2020-08-20</revision>
            <namespace>urn:ietf:params:xml:ns:yang:ietf-tcp-common</namespace>
            <feature>keepalives-supported</feature>
            <conformance-type>implement</conformance-type>
         </module>
         <module>
            <name>ietf-tcp-server</name>
            <revision>2020-08-20</revision>
            <namespace>urn:ietf:params:xml:ns:yang:ietf-tcp-server</namespace>
            <feature>tcp-server-keepalives</feature>
            <conformance-type>implement</conformance-type>
         </module>
         <module>
            <name>ietf-yang-types</name>
            <revision>2013-07-15</revision>
            <namespace>urn:ietf:params:xml:ns:yang:ietf-yang-types</namespace>
            <conformance-type>implement</conformance-type>
         </module>
         
      </modules-state>
   </data>
</rpc-reply>
